rank	username	minecraft:dropped/minecraft:white_tulip
1	500am	2817
2	noam464	271
3	ConnorDanky_	195
4	Werbe	187
5	eitanzaki	153
6	StinkyDiplomat	120
7	luseis	90
8	Blackberry1310	79
9	Snowflowe	72
10	beeperbeeper5	63
11	NomadicRobin_	58
12	FreakGenius	57
13	12Magner05	56
14	Racengan	45
14	YungMaki	45
14	FishisTTV	45
17	Kowcio_	28
18	Bumpy419	25
18	lordpipe	25
20	Arceus1975	24
21	TechnoNinja64	21
22	Mahoose	17
23	Xclax101	15
24	00000000-0000-0000-0009-01f073f37a91	14
25	epiksk8erduck	13
26	vampgey	12
26	calamariclam_I	12
28	kekhon	10
28	Sheldor097	10
30	BlancoFlaco	9
30	DAD_1996	9
30	SaintJosie	9
30	lcvezra	9
34	Groovy_MoonBird	8
34	ImpavidArcher	8
34	elmer1234	8
34	AngalexikCZ	8
34	Onennon	8
34	BiggieDawg	8
40	TheDiamondCG	7
40	thescout7	7
40	LordSpeed37	7
43	Jeteight	6
43	lillips	6
43	cringenaynaybaby	6
43	Dusk_95	6
43	sadvavilloso	6
48	Merv__	5
48	ratglock	5
48	Di_infiri	5
48	Skylord_Luke	5
48	TheWildMateo	5
48	PigDab	5
48	Spacewardharpy7	5
48	Legendosh	5
56	Awyrlas	4
56	noyan121	4
56	XboxPanda	4
56	Akoot_	4
56	HellsSponge	4
56	babyjimmyneutron	4
62	Bandito_Roamer	3
62	EMC_	3
62	Lez_	3
62	picardred	3
62	Blaiku	3
62	HesDemonPants	3
62	jnp_gaming	3
62	Smoke____	3
70	SaucyDark	2
70	hm947	2
70	TheSecondLord	2
70	Fullut	2
70	Rocketlaunchers	2
70	CollinMH06	2
70	Hyp3rion_	2
70	F_Uhre	2
70	1442	2
70	Quincannon	2
70	Eraxa	2
70	djancak	2
70	SpacesickPrism	2
70	DennyKai	2
70	Winston_Ingram	2
70	Njensen7	2
70	Zoeyfortnite	2
87	ProbablyNick	1
87	dabloons	1
87	SlowMoNinja1994	1
87	Iagoku	1
87	ColeSnyder	1
87	Wooptey	1
87	T045RTY	1
87	lotarp	1
87	spaece	1
87	Ssor69	1
87	rarrq	1
87	boog4loo	1
87	SellyZ	1
87	Diavri	1
87	gcaisawesome	1
87	r123moore	1
87	drunkeeez	1
87	Kakolbus	1
87	Typkazprahe	1
87	Marbz_	1
87	burbankbuilder28	1
87	Truckoss	1
87	BRRRN179	1
87	tyraxxx	1
87	Maenara	1
87	Fakiuss	1
87	binman420	1
87	wobn	1
87	Tyrannosplart	1
87	MyNameIsDakar	1
87	DarlaMeow	1
87	NameGenerat0r	1
87	Shogunite	1
87	DanTheBuilderino	1
87	fluddd	1
87	ElKaySVK	1
87	monky_irl	1
87	CheifJumbo	1
87	Cocoamallows	1
87	PabloGonza02	1
87	Bawbman	1
87	Soplight	1
87	luckykill123	1
87	Dogcorn69420	1
87	Enslaving	1
87	Enderxz3	1
87	UrbanPlanningEx	1
87	Sral7	1
87	h2p_emrld	1
87	diggydog67	1
